"Var1","Var2","CO_Hellenistic","CO_Roman","CO_diff"
1,100,0.6,0.6,0
1,106,1,1,0
1,111,0.8,0.8,0
1,117,0.8,1,-0.2
1,118,0.8,0.8,0
1,12,1,1,0
1,120,0.8,1,-0.2
1,121,0.8,0.2,0.6
1,124,0.8,1,-0.2
1,127,1,1,0
1,128,1,1,0
1,13,0.8,0.6,0.2
1,144,1,1,0
1,145,1,1,0
1,146,1,1,0
1,149,1,0.8,0.2
1,152,1,1,0
1,153,1,1,0
1,158,1,1,0
1,16,0.8,0.2,0.6
1,160,1,0.6,0.4
1,205,1,1,0
1,212,0.8,0.8,0
1,216,0.8,0.4,0.4
1,233,1,0.8,0.2
1,24,0.6,0.2,0.4
1,26,0.8,0.4,0.4
1,28,1,0.8,0.2
1,32,0.8,0.4,0.4
1,328,1,0.8,0.2
1,332,1,1,0
1,334,0.6,0.2,0.4
1,336,0.8,0.4,0.4
1,338,1,1,0
1,339,1,0.8,0.2
1,344,1,1,0
1,345,1,1,0
1,347,1,0.8,0.2
1,352,1,1,0
1,353,1,1,0
1,36,1,1,0
1,364,0.8,0.4,0.4
1,369,1,0.6,0.4
1,389,1,1,0
1,39,1,0.6,0.4
1,40,0.8,0.4,0.4
1,409,0.8,0.4,0.4
1,411,0.6,0.2,0.4
1,413,0.8,0.8,0
1,414,1,1,0
1,415,1,1,0
1,416,1,1,0
1,420,1,1,0
1,421,1,1,0
1,422,1,1,0
1,423,1,1,0
1,424,1,1,0
1,428,1,1,0
1,431,1,1,0
1,435,1,1,0
1,436,1,1,0
1,444,1,1,0
1,46,1,1,0
1,460,0.8,0.4,0.4
1,478,1,1,0
1,49,1,1,0
1,59,0.8,0.6,0.2
1,69,1,1,0
1,70,1,1,0
1,78,1,0.8,0.2
1,79,1,1,0
1,80,1,1,0
1,83,1,1,0
1,87,1,1,0
1,91,0.8,0.4,0.4
1,92,0.8,0.6,0.2
1,97,1,1,0
100,106,0.6,0.6,0
100,111,0.8,0.8,0
100,117,0.8,0.6,0.2
100,118,0.8,0.8,0
100,12,0.6,0.6,0
100,120,0.4,0.6,-0.2
100,121,0.8,0.6,0.2
100,124,0.4,0.6,-0.2
100,127,0.6,0.6,0
100,128,0.6,0.6,0
100,13,0.4,0.2,0.2
100,144,0.6,0.6,0
100,145,0.6,0.6,0
100,146,0.6,0.6,0
100,149,0.6,0.4,0.2
100,152,0.6,0.6,0
100,153,0.6,0.6,0
100,158,0.6,0.6,0
100,16,0.8,0.6,0.2
100,160,0.6,0.6,0
100,205,0.6,0.6,0
100,212,0.8,0.8,0
100,216,0.8,0.4,0.4
100,233,0.6,0.4,0.2
100,24,1,0.6,0.4
100,26,0.8,0.4,0.4
100,28,0.6,0.4,0.2
100,32,0.8,0.4,0.4
100,328,0.6,0.4,0.2
100,332,0.6,0.6,0
100,334,0.6,0.2,0.4
100,336,0.8,0.4,0.4
100,338,0.6,0.6,0
100,339,0.6,0.4,0.2
100,344,0.6,0.6,0
100,345,0.6,0.6,0
100,347,0.6,0.4,0.2
100,352,0.6,0.6,0
100,353,0.6,0.6,0
100,36,0.6,0.6,0
100,364,0.8,0.4,0.4
100,369,0.6,0.2,0.4
100,389,0.6,0.6,0
100,39,0.6,0.6,0
100,40,0.8,0.4,0.4
100,409,0.8,0.4,0.4
100,411,1,0.6,0.4
100,413,0.8,0.8,0
100,414,0.6,0.6,0
100,415,0.6,0.6,0
100,416,0.6,0.6,0
100,420,0.6,0.6,0
100,421,0.6,0.6,0
100,422,0.6,0.6,0
100,423,0.6,0.6,0
100,424,0.6,0.6,0
100,428,0.6,0.6,0
100,431,0.6,0.6,0
100,435,0.6,0.6,0
100,436,0.6,0.6,0
100,444,0.6,0.6,0
100,46,0.6,0.6,0
100,460,0.8,0.4,0.4
100,478,0.6,0.6,0
100,49,0.6,0.6,0
100,59,0.8,0.6,0.2
100,69,0.6,0.6,0
100,70,0.6,0.6,0
100,78,0.6,0.4,0.2
100,79,0.6,0.6,0
100,80,0.6,0.6,0
100,83,0.6,0.6,0
100,87,0.6,0.6,0
100,91,0.8,0.4,0.4
100,92,0.8,0.6,0.2
100,97,0.6,0.6,0
106,111,0.8,0.8,0
106,117,0.8,1,-0.2
106,118,0.8,0.8,0
106,12,1,1,0
106,120,0.8,1,-0.2
106,121,0.8,0.2,0.6
106,124,0.8,1,-0.2
106,127,1,1,0
106,128,1,1,0
106,13,0.8,0.6,0.2
106,144,1,1,0
106,145,1,1,0
106,146,1,1,0
106,149,1,0.8,0.2
106,152,1,1,0
106,153,1,1,0
106,158,1,1,0
106,16,0.8,0.2,0.6
106,160,1,0.6,0.4
106,205,1,1,0
106,212,0.8,0.8,0
106,216,0.8,0.4,0.4
106,233,1,0.8,0.2
106,24,0.6,0.2,0.4
106,26,0.8,0.4,0.4
106,28,1,0.8,0.2
106,32,0.8,0.4,0.4
106,328,1,0.8,0.2
106,332,1,1,0
106,334,0.6,0.2,0.4
106,336,0.8,0.4,0.4
106,338,1,1,0
106,339,1,0.8,0.2
106,344,1,1,0
106,345,1,1,0
106,347,1,0.8,0.2
106,352,1,1,0
106,353,1,1,0
106,36,1,1,0
106,364,0.8,0.4,0.4
106,369,1,0.6,0.4
106,389,1,1,0
106,39,1,0.6,0.4
106,40,0.8,0.4,0.4
106,409,0.8,0.4,0.4
106,411,0.6,0.2,0.4
106,413,0.8,0.8,0
106,414,1,1,0
106,415,1,1,0
106,416,1,1,0
106,420,1,1,0
106,421,1,1,0
106,422,1,1,0
106,423,1,1,0
106,424,1,1,0
106,428,1,1,0
106,431,1,1,0
106,435,1,1,0
106,436,1,1,0
106,444,1,1,0
106,46,1,1,0
106,460,0.8,0.4,0.4
106,478,1,1,0
106,49,1,1,0
106,59,0.8,0.6,0.2
106,69,1,1,0
106,70,1,1,0
106,78,1,0.8,0.2
106,79,1,1,0
106,80,1,1,0
106,83,1,1,0
106,87,1,1,0
106,91,0.8,0.4,0.4
106,92,0.8,0.6,0.2
106,97,1,1,0
111,117,1,0.8,0.2
111,118,1,1,0
111,12,0.8,0.8,0
111,120,0.6,0.8,-0.2
111,121,1,0.4,0.6
111,124,0.6,0.8,-0.2
111,127,0.8,0.8,0
111,128,0.8,0.8,0
111,13,0.6,0.4,0.2
111,144,0.8,0.8,0
111,145,0.8,0.8,0
111,146,0.8,0.8,0
111,149,0.8,0.6,0.2
111,152,0.8,0.8,0
111,153,0.8,0.8,0
111,158,0.8,0.8,0
111,16,0.6,0.4,0.2
111,160,0.8,0.8,0
111,205,0.8,0.8,0
111,212,1,1,0
111,216,1,0.6,0.4
111,233,0.8,0.6,0.2
111,24,0.8,0.4,0.4
111,26,1,0.6,0.4
111,28,0.8,0.6,0.2
111,32,0.6,0.2,0.4
111,328,0.8,0.6,0.2
111,332,0.8,0.8,0
111,334,0.4,0,0.4
111,336,1,0.6,0.4
111,338,0.8,0.8,0
111,339,0.8,0.6,0.2
111,344,0.8,0.8,0
111,345,0.8,0.8,0
111,347,0.8,0.6,0.2
111,352,0.8,0.8,0
111,353,0.8,0.8,0
111,36,0.8,0.8,0
111,364,1,0.6,0.4
111,369,0.8,0.4,0.4
111,389,0.8,0.8,0
111,39,0.8,0.8,0
111,40,0.6,0.2,0.4
111,409,1,0.6,0.4
111,411,0.8,0.4,0.4
111,413,1,1,0
111,414,0.8,0.8,0
111,415,0.8,0.8,0
111,416,0.8,0.8,0
111,420,0.8,0.8,0
111,421,0.8,0.8,0
111,422,0.8,0.8,0
111,423,0.8,0.8,0
111,424,0.8,0.8,0
111,428,0.8,0.8,0
111,431,0.8,0.8,0
111,435,0.8,0.8,0
111,436,0.8,0.8,0
111,444,0.8,0.8,0
111,46,0.8,0.8,0
111,460,0.6,0.2,0.4
111,478,0.8,0.8,0
111,49,0.8,0.8,0
111,59,1,0.8,0.2
111,69,0.8,0.8,0
111,70,0.8,0.8,0
111,78,0.8,0.6,0.2
111,79,0.8,0.8,0
111,80,0.8,0.8,0
111,83,0.8,0.8,0
111,87,0.8,0.8,0
111,91,0.6,0.2,0.4
111,92,1,0.8,0.2
111,97,0.8,0.8,0
117,118,1,0.8,0.2
117,12,0.8,1,-0.2
117,120,0.6,1,-0.4
117,121,1,0.2,0.8
117,124,0.6,1,-0.4
117,127,0.8,1,-0.2
117,128,0.8,1,-0.2
117,13,0.6,0.6,0
117,144,0.8,1,-0.2
117,145,0.8,1,-0.2
117,146,0.8,1,-0.2
117,149,0.8,0.8,0
117,152,0.8,1,-0.2
117,153,0.8,1,-0.2
117,158,0.8,1,-0.2
117,16,0.6,0.2,0.4
117,160,0.8,0.6,0.2
117,205,0.8,1,-0.2
117,212,1,0.8,0.2
117,216,1,0.4,0.6
117,233,0.8,0.8,0
117,24,0.8,0.2,0.6
117,26,1,0.4,0.6
117,28,0.8,0.8,0
117,32,0.6,0.4,0.2
117,328,0.8,0.8,0
117,332,0.8,1,-0.2
117,334,0.4,0.2,0.2
117,336,1,0.4,0.6
117,338,0.8,1,-0.2
117,339,0.8,0.8,0
117,344,0.8,1,-0.2
117,345,0.8,1,-0.2
117,347,0.8,0.8,0
117,352,0.8,1,-0.2
117,353,0.8,1,-0.2
117,36,0.8,1,-0.2
117,364,1,0.4,0.6
117,369,0.8,0.6,0.2
117,389,0.8,1,-0.2
117,39,0.8,0.6,0.2
117,40,0.6,0.4,0.2
117,409,1,0.4,0.6
117,411,0.8,0.2,0.6
117,413,1,0.8,0.2
117,414,0.8,1,-0.2
117,415,0.8,1,-0.2
117,416,0.8,1,-0.2
117,420,0.8,1,-0.2
117,421,0.8,1,-0.2
117,422,0.8,1,-0.2
117,423,0.8,1,-0.2
117,424,0.8,1,-0.2
117,428,0.8,1,-0.2
117,431,0.8,1,-0.2
117,435,0.8,1,-0.2
117,436,0.8,1,-0.2
117,444,0.8,1,-0.2
117,46,0.8,1,-0.2
117,460,0.6,0.4,0.2
117,478,0.8,1,-0.2
117,49,0.8,1,-0.2
117,59,1,0.6,0.4
117,69,0.8,1,-0.2
117,70,0.8,1,-0.2
117,78,0.8,0.8,0
117,79,0.8,1,-0.2
117,80,0.8,1,-0.2
117,83,0.8,1,-0.2
117,87,0.8,1,-0.2
117,91,0.6,0.4,0.2
117,92,1,0.6,0.4
117,97,0.8,1,-0.2
118,12,0.8,0.8,0
118,120,0.6,0.8,-0.2
118,121,1,0.4,0.6
118,124,0.6,0.8,-0.2
118,127,0.8,0.8,0
118,128,0.8,0.8,0
118,13,0.6,0.4,0.2
118,144,0.8,0.8,0
118,145,0.8,0.8,0
118,146,0.8,0.8,0
118,149,0.8,0.6,0.2
118,152,0.8,0.8,0
118,153,0.8,0.8,0
118,158,0.8,0.8,0
118,16,0.6,0.4,0.2
118,160,0.8,0.8,0
118,205,0.8,0.8,0
118,212,1,1,0
118,216,1,0.6,0.4
118,233,0.8,0.6,0.2
118,24,0.8,0.4,0.4
118,26,1,0.6,0.4
118,28,0.8,0.6,0.2
118,32,0.6,0.2,0.4
118,328,0.8,0.6,0.2
118,332,0.8,0.8,0
118,334,0.4,0,0.4
118,336,1,0.6,0.4
118,338,0.8,0.8,0
118,339,0.8,0.6,0.2
118,344,0.8,0.8,0
118,345,0.8,0.8,0
118,347,0.8,0.6,0.2
118,352,0.8,0.8,0
118,353,0.8,0.8,0
118,36,0.8,0.8,0
118,364,1,0.6,0.4
118,369,0.8,0.4,0.4
118,389,0.8,0.8,0
118,39,0.8,0.8,0
118,40,0.6,0.2,0.4
118,409,1,0.6,0.4
118,411,0.8,0.4,0.4
118,413,1,1,0
118,414,0.8,0.8,0
118,415,0.8,0.8,0
118,416,0.8,0.8,0
118,420,0.8,0.8,0
118,421,0.8,0.8,0
118,422,0.8,0.8,0
118,423,0.8,0.8,0
118,424,0.8,0.8,0
118,428,0.8,0.8,0
118,431,0.8,0.8,0
118,435,0.8,0.8,0
118,436,0.8,0.8,0
118,444,0.8,0.8,0
118,46,0.8,0.8,0
118,460,0.6,0.2,0.4
118,478,0.8,0.8,0
118,49,0.8,0.8,0
118,59,1,0.8,0.2
118,69,0.8,0.8,0
118,70,0.8,0.8,0
118,78,0.8,0.6,0.2
118,79,0.8,0.8,0
118,80,0.8,0.8,0
118,83,0.8,0.8,0
118,87,0.8,0.8,0
118,91,0.6,0.2,0.4
118,92,1,0.8,0.2
118,97,0.8,0.8,0
12,120,0.8,1,-0.2
12,121,0.8,0.2,0.6
12,124,0.8,1,-0.2
12,127,1,1,0
12,128,1,1,0
12,13,0.8,0.6,0.2
12,144,1,1,0
12,145,1,1,0
12,146,1,1,0
12,149,1,0.8,0.2
12,152,1,1,0
12,153,1,1,0
12,158,1,1,0
12,16,0.8,0.2,0.6
12,160,1,0.6,0.4
12,205,1,1,0
12,212,0.8,0.8,0
12,216,0.8,0.4,0.4
12,233,1,0.8,0.2
12,24,0.6,0.2,0.4
12,26,0.8,0.4,0.4
12,28,1,0.8,0.2
12,32,0.8,0.4,0.4
12,328,1,0.8,0.2
12,332,1,1,0
12,334,0.6,0.2,0.4
12,336,0.8,0.4,0.4
12,338,1,1,0
12,339,1,0.8,0.2
12,344,1,1,0
12,345,1,1,0
12,347,1,0.8,0.2
12,352,1,1,0
12,353,1,1,0
12,36,1,1,0
12,364,0.8,0.4,0.4
12,369,1,0.6,0.4
12,389,1,1,0
12,39,1,0.6,0.4
12,40,0.8,0.4,0.4
12,409,0.8,0.4,0.4
12,411,0.6,0.2,0.4
12,413,0.8,0.8,0
12,414,1,1,0
12,415,1,1,0
12,416,1,1,0
12,420,1,1,0
12,421,1,1,0
12,422,1,1,0
12,423,1,1,0
12,424,1,1,0
12,428,1,1,0
12,431,1,1,0
12,435,1,1,0
12,436,1,1,0
12,444,1,1,0
12,46,1,1,0
12,460,0.8,0.4,0.4
12,478,1,1,0
12,49,1,1,0
12,59,0.8,0.6,0.2
12,69,1,1,0
12,70,1,1,0
12,78,1,0.8,0.2
12,79,1,1,0
12,80,1,1,0
12,83,1,1,0
12,87,1,1,0
12,91,0.8,0.4,0.4
12,92,0.8,0.6,0.2
12,97,1,1,0
120,121,0.6,0.2,0.4
120,124,1,1,0
120,127,0.8,1,-0.2
120,128,0.8,1,-0.2
120,13,1,0.6,0.4
120,144,0.8,1,-0.2
120,145,0.8,1,-0.2
120,146,0.8,1,-0.2
120,149,0.8,0.8,0
120,152,0.8,1,-0.2
120,153,0.8,1,-0.2
120,158,0.8,1,-0.2
120,16,0.6,0.2,0.4
120,160,0.8,0.6,0.2
120,205,0.8,1,-0.2
120,212,0.6,0.8,-0.2
120,216,0.6,0.4,0.2
120,233,0.8,0.8,0
120,24,0.4,0.2,0.2
120,26,0.6,0.4,0.2
120,28,0.8,0.8,0
120,32,0.6,0.4,0.2
120,328,0.8,0.8,0
120,332,0.8,1,-0.2
120,334,0.8,0.2,0.6
120,336,0.6,0.4,0.2
120,338,0.8,1,-0.2
120,339,0.8,0.8,0
120,344,0.8,1,-0.2
120,345,0.8,1,-0.2
120,347,0.8,0.8,0
120,352,0.8,1,-0.2
120,353,0.8,1,-0.2
120,36,0.8,1,-0.2
120,364,0.6,0.4,0.2
120,369,0.8,0.6,0.2
120,389,0.8,1,-0.2
120,39,0.8,0.6,0.2
120,40,0.6,0.4,0.2
120,409,0.6,0.4,0.2
120,411,0.4,0.2,0.2
120,413,0.6,0.8,-0.2
120,414,0.8,1,-0.2
120,415,0.8,1,-0.2
120,416,0.8,1,-0.2
120,420,0.8,1,-0.2
120,421,0.8,1,-0.2
120,422,0.8,1,-0.2
120,423,0.8,1,-0.2
120,424,0.8,1,-0.2
120,428,0.8,1,-0.2
120,431,0.8,1,-0.2
120,435,0.8,1,-0.2
120,436,0.8,1,-0.2
120,444,0.8,1,-0.2
120,46,0.8,1,-0.2
120,460,0.6,0.4,0.2
120,478,0.8,1,-0.2
120,49,0.8,1,-0.2
120,59,0.6,0.6,0
120,69,0.8,1,-0.2
120,70,0.8,1,-0.2
120,78,0.8,0.8,0
120,79,0.8,1,-0.2
120,80,0.8,1,-0.2
120,83,0.8,1,-0.2
120,87,0.8,1,-0.2
120,91,0.6,0.4,0.2
120,92,0.6,0.6,0
120,97,0.8,1,-0.2
121,124,0.6,0.2,0.4
121,127,0.8,0.2,0.6
121,128,0.8,0.2,0.6
121,13,0.6,0.2,0.4
121,144,0.8,0.2,0.6
121,145,0.8,0.2,0.6
121,146,0.8,0.2,0.6
121,149,0.8,0.4,0.4
121,152,0.8,0.2,0.6
121,153,0.8,0.2,0.6
121,158,0.8,0.2,0.6
121,16,0.6,1,-0.4
121,160,0.8,0.6,0.2
121,205,0.8,0.2,0.6
121,212,1,0.4,0.6
121,216,1,0.8,0.2
121,233,0.8,0.4,0.4
121,24,0.8,1,-0.2
121,26,1,0.8,0.2
121,28,0.8,0.4,0.4
121,32,0.6,0.8,-0.2
121,328,0.8,0.4,0.4
121,332,0.8,0.2,0.6
121,334,0.4,0.6,-0.2
121,336,1,0.8,0.2
121,338,0.8,0.2,0.6
121,339,0.8,0.4,0.4
121,344,0.8,0.2,0.6
121,345,0.8,0.2,0.6
121,347,0.8,0.4,0.4
121,352,0.8,0.2,0.6
121,353,0.8,0.2,0.6
121,36,0.8,0.2,0.6
121,364,1,0.8,0.2
121,369,0.8,0.6,0.2
121,389,0.8,0.2,0.6
121,39,0.8,0.6,0.2
121,40,0.6,0.8,-0.2
121,409,1,0.8,0.2
121,411,0.8,1,-0.2
121,413,1,0.4,0.6
121,414,0.8,0.2,0.6
121,415,0.8,0.2,0.6
121,416,0.8,0.2,0.6
121,420,0.8,0.2,0.6
121,421,0.8,0.2,0.6
121,422,0.8,0.2,0.6
121,423,0.8,0.2,0.6
121,424,0.8,0.2,0.6
121,428,0.8,0.2,0.6
121,431,0.8,0.2,0.6
121,435,0.8,0.2,0.6
121,436,0.8,0.2,0.6
121,444,0.8,0.2,0.6
121,46,0.8,0.2,0.6
121,460,0.6,0.8,-0.2
121,478,0.8,0.2,0.6
121,49,0.8,0.2,0.6
121,59,1,0.6,0.4
121,69,0.8,0.2,0.6
121,70,0.8,0.2,0.6
121,78,0.8,0.4,0.4
121,79,0.8,0.2,0.6
121,80,0.8,0.2,0.6
121,83,0.8,0.2,0.6
121,87,0.8,0.2,0.6
121,91,0.6,0.8,-0.2
121,92,1,0.6,0.4
121,97,0.8,0.2,0.6
124,127,0.8,1,-0.2
124,128,0.8,1,-0.2
124,13,1,0.6,0.4
124,144,0.8,1,-0.2
124,145,0.8,1,-0.2
124,146,0.8,1,-0.2
124,149,0.8,0.8,0
124,152,0.8,1,-0.2
124,153,0.8,1,-0.2
124,158,0.8,1,-0.2
124,16,0.6,0.2,0.4
124,160,0.8,0.6,0.2
124,205,0.8,1,-0.2
124,212,0.6,0.8,-0.2
124,216,0.6,0.4,0.2
124,233,0.8,0.8,0
124,24,0.4,0.2,0.2
124,26,0.6,0.4,0.2
124,28,0.8,0.8,0
124,32,0.6,0.4,0.2
124,328,0.8,0.8,0
124,332,0.8,1,-0.2
124,334,0.8,0.2,0.6
124,336,0.6,0.4,0.2
124,338,0.8,1,-0.2
124,339,0.8,0.8,0
124,344,0.8,1,-0.2
124,345,0.8,1,-0.2
124,347,0.8,0.8,0
124,352,0.8,1,-0.2
124,353,0.8,1,-0.2
124,36,0.8,1,-0.2
124,364,0.6,0.4,0.2
124,369,0.8,0.6,0.2
124,389,0.8,1,-0.2
124,39,0.8,0.6,0.2
124,40,0.6,0.4,0.2
124,409,0.6,0.4,0.2
124,411,0.4,0.2,0.2
124,413,0.6,0.8,-0.2
124,414,0.8,1,-0.2
124,415,0.8,1,-0.2
124,416,0.8,1,-0.2
124,420,0.8,1,-0.2
124,421,0.8,1,-0.2
124,422,0.8,1,-0.2
124,423,0.8,1,-0.2
124,424,0.8,1,-0.2
124,428,0.8,1,-0.2
124,431,0.8,1,-0.2
124,435,0.8,1,-0.2
124,436,0.8,1,-0.2
124,444,0.8,1,-0.2
124,46,0.8,1,-0.2
124,460,0.6,0.4,0.2
124,478,0.8,1,-0.2
124,49,0.8,1,-0.2
124,59,0.6,0.6,0
124,69,0.8,1,-0.2
124,70,0.8,1,-0.2
124,78,0.8,0.8,0
124,79,0.8,1,-0.2
124,80,0.8,1,-0.2
124,83,0.8,1,-0.2
124,87,0.8,1,-0.2
124,91,0.6,0.4,0.2
124,92,0.6,0.6,0
124,97,0.8,1,-0.2
127,128,1,1,0
127,13,0.8,0.6,0.2
127,144,1,1,0
127,145,1,1,0
127,146,1,1,0
127,149,1,0.8,0.2
127,152,1,1,0
127,153,1,1,0
127,158,1,1,0
127,16,0.8,0.2,0.6
127,160,1,0.6,0.4
127,205,1,1,0
127,212,0.8,0.8,0
127,216,0.8,0.4,0.4
127,233,1,0.8,0.2
127,24,0.6,0.2,0.4
127,26,0.8,0.4,0.4
127,28,1,0.8,0.2
127,32,0.8,0.4,0.4
127,328,1,0.8,0.2
127,332,1,1,0
127,334,0.6,0.2,0.4
127,336,0.8,0.4,0.4
127,338,1,1,0
127,339,1,0.8,0.2
127,344,1,1,0
127,345,1,1,0
127,347,1,0.8,0.2
127,352,1,1,0
127,353,1,1,0
127,36,1,1,0
127,364,0.8,0.4,0.4
127,369,1,0.6,0.4
127,389,1,1,0
127,39,1,0.6,0.4
127,40,0.8,0.4,0.4
127,409,0.8,0.4,0.4
127,411,0.6,0.2,0.4
127,413,0.8,0.8,0
127,414,1,1,0
127,415,1,1,0
127,416,1,1,0
127,420,1,1,0
127,421,1,1,0
127,422,1,1,0
127,423,1,1,0
127,424,1,1,0
127,428,1,1,0
127,431,1,1,0
127,435,1,1,0
127,436,1,1,0
127,444,1,1,0
127,46,1,1,0
127,460,0.8,0.4,0.4
127,478,1,1,0
127,49,1,1,0
127,59,0.8,0.6,0.2
127,69,1,1,0
127,70,1,1,0
127,78,1,0.8,0.2
127,79,1,1,0
127,80,1,1,0
127,83,1,1,0
127,87,1,1,0
127,91,0.8,0.4,0.4
127,92,0.8,0.6,0.2
127,97,1,1,0
128,13,0.8,0.6,0.2
128,144,1,1,0
128,145,1,1,0
128,146,1,1,0
128,149,1,0.8,0.2
128,152,1,1,0
128,153,1,1,0
128,158,1,1,0
128,16,0.8,0.2,0.6
128,160,1,0.6,0.4
128,205,1,1,0
128,212,0.8,0.8,0
128,216,0.8,0.4,0.4
128,233,1,0.8,0.2
128,24,0.6,0.2,0.4
128,26,0.8,0.4,0.4
128,28,1,0.8,0.2
128,32,0.8,0.4,0.4
128,328,1,0.8,0.2
128,332,1,1,0
128,334,0.6,0.2,0.4
128,336,0.8,0.4,0.4
128,338,1,1,0
128,339,1,0.8,0.2
128,344,1,1,0
128,345,1,1,0
128,347,1,0.8,0.2
128,352,1,1,0
128,353,1,1,0
128,36,1,1,0
128,364,0.8,0.4,0.4
128,369,1,0.6,0.4
128,389,1,1,0
128,39,1,0.6,0.4
128,40,0.8,0.4,0.4
128,409,0.8,0.4,0.4
128,411,0.6,0.2,0.4
128,413,0.8,0.8,0
128,414,1,1,0
128,415,1,1,0
128,416,1,1,0
128,420,1,1,0
128,421,1,1,0
128,422,1,1,0
128,423,1,1,0
128,424,1,1,0
128,428,1,1,0
128,431,1,1,0
128,435,1,1,0
128,436,1,1,0
128,444,1,1,0
128,46,1,1,0
128,460,0.8,0.4,0.4
128,478,1,1,0
128,49,1,1,0
128,59,0.8,0.6,0.2
128,69,1,1,0
128,70,1,1,0
128,78,1,0.8,0.2
128,79,1,1,0
128,80,1,1,0
128,83,1,1,0
128,87,1,1,0
128,91,0.8,0.4,0.4
128,92,0.8,0.6,0.2
128,97,1,1,0
13,144,0.8,0.6,0.2
13,145,0.8,0.6,0.2
13,146,0.8,0.6,0.2
13,149,0.8,0.8,0
13,152,0.8,0.6,0.2
13,153,0.8,0.6,0.2
13,158,0.8,0.6,0.2
13,16,0.6,0.2,0.4
13,160,0.8,0.2,0.6
13,205,0.8,0.6,0.2
13,212,0.6,0.4,0.2
13,216,0.6,0.4,0.2
13,233,0.8,0.4,0.4
13,24,0.4,0.2,0.2
13,26,0.6,0.4,0.2
13,28,0.8,0.4,0.4
13,32,0.6,0.4,0.2
13,328,0.8,0.4,0.4
13,332,0.8,0.6,0.2
13,334,0.8,0.6,0.2
13,336,0.6,0.4,0.2
13,338,0.8,0.6,0.2
13,339,0.8,0.4,0.4
13,344,0.8,0.6,0.2
13,345,0.8,0.6,0.2
13,347,0.8,0.8,0
13,352,0.8,0.6,0.2
13,353,0.8,0.6,0.2
13,36,0.8,0.6,0.2
13,364,0.6,0.4,0.2
13,369,0.8,0.6,0.2
13,389,0.8,0.6,0.2
13,39,0.8,0.2,0.6
13,40,0.6,0.4,0.2
13,409,0.6,0.4,0.2
13,411,0.4,0.2,0.2
13,413,0.6,0.4,0.2
13,414,0.8,0.6,0.2
13,415,0.8,0.6,0.2
13,416,0.8,0.6,0.2
13,420,0.8,0.6,0.2
13,421,0.8,0.6,0.2
13,422,0.8,0.6,0.2
13,423,0.8,0.6,0.2
13,424,0.8,0.6,0.2
13,428,0.8,0.6,0.2
13,431,0.8,0.6,0.2
13,435,0.8,0.6,0.2
13,436,0.8,0.6,0.2
13,444,0.8,0.6,0.2
13,46,0.8,0.6,0.2
13,460,0.6,0.4,0.2
13,478,0.8,0.6,0.2
13,49,0.8,0.6,0.2
13,59,0.6,0.2,0.4
13,69,0.8,0.6,0.2
13,70,0.8,0.6,0.2
13,78,0.8,0.8,0
13,79,0.8,0.6,0.2
13,80,0.8,0.6,0.2
13,83,0.8,0.6,0.2
13,87,0.8,0.6,0.2
13,91,0.6,0.4,0.2
13,92,0.6,0.2,0.4
13,97,0.8,0.6,0.2
144,145,1,1,0
144,146,1,1,0
144,149,1,0.8,0.2
144,152,1,1,0
144,153,1,1,0
144,158,1,1,0
144,16,0.8,0.2,0.6
144,160,1,0.6,0.4
144,205,1,1,0
144,212,0.8,0.8,0
144,216,0.8,0.4,0.4
144,233,1,0.8,0.2
144,24,0.6,0.2,0.4
144,26,0.8,0.4,0.4
144,28,1,0.8,0.2
144,32,0.8,0.4,0.4
144,328,1,0.8,0.2
144,332,1,1,0
144,334,0.6,0.2,0.4
144,336,0.8,0.4,0.4
144,338,1,1,0
144,339,1,0.8,0.2
144,344,1,1,0
144,345,1,1,0
144,347,1,0.8,0.2
144,352,1,1,0
144,353,1,1,0
144,36,1,1,0
144,364,0.8,0.4,0.4
144,369,1,0.6,0.4
144,389,1,1,0
144,39,1,0.6,0.4
144,40,0.8,0.4,0.4
144,409,0.8,0.4,0.4
144,411,0.6,0.2,0.4
144,413,0.8,0.8,0
144,414,1,1,0
144,415,1,1,0
144,416,1,1,0
144,420,1,1,0
144,421,1,1,0
144,422,1,1,0
144,423,1,1,0
144,424,1,1,0
144,428,1,1,0
144,431,1,1,0
144,435,1,1,0
144,436,1,1,0
144,444,1,1,0
144,46,1,1,0
144,460,0.8,0.4,0.4
144,478,1,1,0
144,49,1,1,0
144,59,0.8,0.6,0.2
144,69,1,1,0
144,70,1,1,0
144,78,1,0.8,0.2
144,79,1,1,0
144,80,1,1,0
144,83,1,1,0
144,87,1,1,0
144,91,0.8,0.4,0.4
144,92,0.8,0.6,0.2
144,97,1,1,0
145,146,1,1,0
145,149,1,0.8,0.2
145,152,1,1,0
145,153,1,1,0
145,158,1,1,0
145,16,0.8,0.2,0.6
145,160,1,0.6,0.4
145,205,1,1,0
145,212,0.8,0.8,0
145,216,0.8,0.4,0.4
145,233,1,0.8,0.2
145,24,0.6,0.2,0.4
145,26,0.8,0.4,0.4
145,28,1,0.8,0.2
145,32,0.8,0.4,0.4
145,328,1,0.8,0.2
145,332,1,1,0
145,334,0.6,0.2,0.4
145,336,0.8,0.4,0.4
145,338,1,1,0
145,339,1,0.8,0.2
145,344,1,1,0
145,345,1,1,0
145,347,1,0.8,0.2
145,352,1,1,0
145,353,1,1,0
145,36,1,1,0
145,364,0.8,0.4,0.4
145,369,1,0.6,0.4
145,389,1,1,0
145,39,1,0.6,0.4
145,40,0.8,0.4,0.4
145,409,0.8,0.4,0.4
145,411,0.6,0.2,0.4
145,413,0.8,0.8,0
145,414,1,1,0
145,415,1,1,0
145,416,1,1,0
145,420,1,1,0
145,421,1,1,0
145,422,1,1,0
145,423,1,1,0
145,424,1,1,0
145,428,1,1,0
145,431,1,1,0
145,435,1,1,0
145,436,1,1,0
145,444,1,1,0
145,46,1,1,0
145,460,0.8,0.4,0.4
145,478,1,1,0
145,49,1,1,0
145,59,0.8,0.6,0.2
145,69,1,1,0
145,70,1,1,0
145,78,1,0.8,0.2
145,79,1,1,0
145,80,1,1,0
145,83,1,1,0
145,87,1,1,0
145,91,0.8,0.4,0.4
145,92,0.8,0.6,0.2
145,97,1,1,0
146,149,1,0.8,0.2
146,152,1,1,0
146,153,1,1,0
146,158,1,1,0
146,16,0.8,0.2,0.6
146,160,1,0.6,0.4
146,205,1,1,0
146,212,0.8,0.8,0
146,216,0.8,0.4,0.4
146,233,1,0.8,0.2
146,24,0.6,0.2,0.4
146,26,0.8,0.4,0.4
146,28,1,0.8,0.2
146,32,0.8,0.4,0.4
146,328,1,0.8,0.2
146,332,1,1,0
146,334,0.6,0.2,0.4
146,336,0.8,0.4,0.4
146,338,1,1,0
146,339,1,0.8,0.2
146,344,1,1,0
146,345,1,1,0
146,347,1,0.8,0.2
146,352,1,1,0
146,353,1,1,0
146,36,1,1,0
146,364,0.8,0.4,0.4
146,369,1,0.6,0.4
146,389,1,1,0
146,39,1,0.6,0.4
146,40,0.8,0.4,0.4
146,409,0.8,0.4,0.4
146,411,0.6,0.2,0.4
146,413,0.8,0.8,0
146,414,1,1,0
146,415,1,1,0
146,416,1,1,0
146,420,1,1,0
146,421,1,1,0
146,422,1,1,0
146,423,1,1,0
146,424,1,1,0
146,428,1,1,0
146,431,1,1,0
146,435,1,1,0
146,436,1,1,0
146,444,1,1,0
146,46,1,1,0
146,460,0.8,0.4,0.4
146,478,1,1,0
146,49,1,1,0
146,59,0.8,0.6,0.2
146,69,1,1,0
146,70,1,1,0
146,78,1,0.8,0.2
146,79,1,1,0
146,80,1,1,0
146,83,1,1,0
146,87,1,1,0
146,91,0.8,0.4,0.4
146,92,0.8,0.6,0.2
146,97,1,1,0
149,152,1,0.8,0.2
149,153,1,0.8,0.2
149,158,1,0.8,0.2
149,16,0.8,0.4,0.4
149,160,1,0.4,0.6
149,205,1,0.8,0.2
149,212,0.8,0.6,0.2
149,216,0.8,0.6,0.2
149,233,1,0.6,0.4
149,24,0.6,0.4,0.2
149,26,0.8,0.6,0.2
149,28,1,0.6,0.4
149,32,0.8,0.6,0.2
149,328,1,0.6,0.4
149,332,1,0.8,0.2
149,334,0.6,0.4,0.2
149,336,0.8,0.6,0.2
149,338,1,0.8,0.2
149,339,1,0.6,0.4
149,344,1,0.8,0.2
149,345,1,0.8,0.2
149,347,1,1,0
149,352,1,0.8,0.2
149,353,1,0.8,0.2
149,36,1,0.8,0.2
149,364,0.8,0.6,0.2
149,369,1,0.8,0.2
149,389,1,0.8,0.2
149,39,1,0.4,0.6
149,40,0.8,0.6,0.2
149,409,0.8,0.6,0.2
149,411,0.6,0.4,0.2
149,413,0.8,0.6,0.2
149,414,1,0.8,0.2
149,415,1,0.8,0.2
149,416,1,0.8,0.2
149,420,1,0.8,0.2
149,421,1,0.8,0.2
149,422,1,0.8,0.2
149,423,1,0.8,0.2
149,424,1,0.8,0.2
149,428,1,0.8,0.2
149,431,1,0.8,0.2
149,435,1,0.8,0.2
149,436,1,0.8,0.2
149,444,1,0.8,0.2
149,46,1,0.8,0.2
149,460,0.8,0.6,0.2
149,478,1,0.8,0.2
149,49,1,0.8,0.2
149,59,0.8,0.4,0.4
149,69,1,0.8,0.2
149,70,1,0.8,0.2
149,78,1,1,0
149,79,1,0.8,0.2
149,80,1,0.8,0.2
149,83,1,0.8,0.2
149,87,1,0.8,0.2
149,91,0.8,0.6,0.2
149,92,0.8,0.4,0.4
149,97,1,0.8,0.2
152,153,1,1,0
152,158,1,1,0
152,16,0.8,0.2,0.6
152,160,1,0.6,0.4
152,205,1,1,0
152,212,0.8,0.8,0
152,216,0.8,0.4,0.4
152,233,1,0.8,0.2
152,24,0.6,0.2,0.4
152,26,0.8,0.4,0.4
152,28,1,0.8,0.2
152,32,0.8,0.4,0.4
152,328,1,0.8,0.2
152,332,1,1,0
152,334,0.6,0.2,0.4
152,336,0.8,0.4,0.4
152,338,1,1,0
152,339,1,0.8,0.2
152,344,1,1,0
152,345,1,1,0
152,347,1,0.8,0.2
152,352,1,1,0
152,353,1,1,0
152,36,1,1,0
152,364,0.8,0.4,0.4
152,369,1,0.6,0.4
152,389,1,1,0
152,39,1,0.6,0.4
152,40,0.8,0.4,0.4
152,409,0.8,0.4,0.4
152,411,0.6,0.2,0.4
152,413,0.8,0.8,0
152,414,1,1,0
152,415,1,1,0
152,416,1,1,0
152,420,1,1,0
152,421,1,1,0
152,422,1,1,0
152,423,1,1,0
152,424,1,1,0
152,428,1,1,0
152,431,1,1,0
152,435,1,1,0
152,436,1,1,0
152,444,1,1,0
152,46,1,1,0
152,460,0.8,0.4,0.4
152,478,1,1,0
152,49,1,1,0
152,59,0.8,0.6,0.2
152,69,1,1,0
152,70,1,1,0
152,78,1,0.8,0.2
152,79,1,1,0
152,80,1,1,0
152,83,1,1,0
152,87,1,1,0
152,91,0.8,0.4,0.4
152,92,0.8,0.6,0.2
152,97,1,1,0
153,158,1,1,0
153,16,0.8,0.2,0.6
153,160,1,0.6,0.4
153,205,1,1,0
153,212,0.8,0.8,0
153,216,0.8,0.4,0.4
153,233,1,0.8,0.2
153,24,0.6,0.2,0.4
153,26,0.8,0.4,0.4
153,28,1,0.8,0.2
153,32,0.8,0.4,0.4
153,328,1,0.8,0.2
153,332,1,1,0
153,334,0.6,0.2,0.4
153,336,0.8,0.4,0.4
153,338,1,1,0
153,339,1,0.8,0.2
153,344,1,1,0
153,345,1,1,0
153,347,1,0.8,0.2
153,352,1,1,0
153,353,1,1,0
153,36,1,1,0
153,364,0.8,0.4,0.4
153,369,1,0.6,0.4
153,389,1,1,0
153,39,1,0.6,0.4
153,40,0.8,0.4,0.4
153,409,0.8,0.4,0.4
153,411,0.6,0.2,0.4
153,413,0.8,0.8,0
153,414,1,1,0
153,415,1,1,0
153,416,1,1,0
153,420,1,1,0
153,421,1,1,0
153,422,1,1,0
153,423,1,1,0
153,424,1,1,0
153,428,1,1,0
153,431,1,1,0
153,435,1,1,0
153,436,1,1,0
153,444,1,1,0
153,46,1,1,0
153,460,0.8,0.4,0.4
153,478,1,1,0
153,49,1,1,0
153,59,0.8,0.6,0.2
153,69,1,1,0
153,70,1,1,0
153,78,1,0.8,0.2
153,79,1,1,0
153,80,1,1,0
153,83,1,1,0
153,87,1,1,0
153,91,0.8,0.4,0.4
153,92,0.8,0.6,0.2
153,97,1,1,0
158,16,0.8,0.2,0.6
158,160,1,0.6,0.4
158,205,1,1,0
158,212,0.8,0.8,0
158,216,0.8,0.4,0.4
158,233,1,0.8,0.2
158,24,0.6,0.2,0.4
158,26,0.8,0.4,0.4
158,28,1,0.8,0.2
158,32,0.8,0.4,0.4
158,328,1,0.8,0.2
158,332,1,1,0
158,334,0.6,0.2,0.4
158,336,0.8,0.4,0.4
158,338,1,1,0
158,339,1,0.8,0.2
158,344,1,1,0
158,345,1,1,0
158,347,1,0.8,0.2
158,352,1,1,0
158,353,1,1,0
158,36,1,1,0
158,364,0.8,0.4,0.4
158,369,1,0.6,0.4
158,389,1,1,0
158,39,1,0.6,0.4
158,40,0.8,0.4,0.4
158,409,0.8,0.4,0.4
158,411,0.6,0.2,0.4
158,413,0.8,0.8,0
158,414,1,1,0
158,415,1,1,0
158,416,1,1,0
158,420,1,1,0
158,421,1,1,0
158,422,1,1,0
158,423,1,1,0
158,424,1,1,0
158,428,1,1,0
158,431,1,1,0
158,435,1,1,0
158,436,1,1,0
158,444,1,1,0
158,46,1,1,0
158,460,0.8,0.4,0.4
158,478,1,1,0
158,49,1,1,0
158,59,0.8,0.6,0.2
158,69,1,1,0
158,70,1,1,0
158,78,1,0.8,0.2
158,79,1,1,0
158,80,1,1,0
158,83,1,1,0
158,87,1,1,0
158,91,0.8,0.4,0.4
158,92,0.8,0.6,0.2
158,97,1,1,0
16,160,0.8,0.6,0.2
16,205,0.8,0.2,0.6
16,212,0.6,0.4,0.2
16,216,0.6,0.8,-0.2
16,233,0.8,0.4,0.4
16,24,0.8,1,-0.2
16,26,0.6,0.8,-0.2
16,28,0.8,0.4,0.4
16,32,1,0.8,0.2
16,328,0.8,0.4,0.4
16,332,0.8,0.2,0.6
16,334,0.8,0.6,0.2
16,336,0.6,0.8,-0.2
16,338,0.8,0.2,0.6
16,339,0.8,0.4,0.4
16,344,0.8,0.2,0.6
16,345,0.8,0.2,0.6
16,347,0.8,0.4,0.4
16,352,0.8,0.2,0.6
16,353,0.8,0.2,0.6
16,36,0.8,0.2,0.6
16,364,0.6,0.8,-0.2
16,369,0.8,0.6,0.2
16,389,0.8,0.2,0.6
16,39,0.8,0.6,0.2
16,40,1,0.8,0.2
16,409,0.6,0.8,-0.2
16,411,0.8,1,-0.2
16,413,0.6,0.4,0.2
16,414,0.8,0.2,0.6
16,415,0.8,0.2,0.6
16,416,0.8,0.2,0.6
16,420,0.8,0.2,0.6
16,421,0.8,0.2,0.6
16,422,0.8,0.2,0.6
16,423,0.8,0.2,0.6
16,424,0.8,0.2,0.6
16,428,0.8,0.2,0.6
16,431,0.8,0.2,0.6
16,435,0.8,0.2,0.6
16,436,0.8,0.2,0.6
16,444,0.8,0.2,0.6
16,46,0.8,0.2,0.6
16,460,1,0.8,0.2
16,478,0.8,0.2,0.6
16,49,0.8,0.2,0.6
16,59,0.6,0.6,0
16,69,0.8,0.2,0.6
16,70,0.8,0.2,0.6
16,78,0.8,0.4,0.4
16,79,0.8,0.2,0.6
16,80,0.8,0.2,0.6
16,83,0.8,0.2,0.6
16,87,0.8,0.2,0.6
16,91,1,0.8,0.2
16,92,0.6,0.6,0
16,97,0.8,0.2,0.6
160,205,1,0.6,0.4
160,212,0.8,0.8,0
160,216,0.8,0.8,0
160,233,1,0.8,0.2
160,24,0.6,0.6,0
160,26,0.8,0.8,0
160,28,1,0.8,0.2
160,32,0.8,0.4,0.4
160,328,1,0.8,0.2
160,332,1,0.6,0.4
160,334,0.6,0.2,0.4
160,336,0.8,0.8,0
160,338,1,0.6,0.4
160,339,1,0.8,0.2
160,344,1,0.6,0.4
160,345,1,0.6,0.4
160,347,1,0.4,0.6
160,352,1,0.6,0.4
160,353,1,0.6,0.4
160,36,1,0.6,0.4
160,364,0.8,0.8,0
160,369,1,0.6,0.4
160,389,1,0.6,0.4
160,39,1,1,0
160,40,0.8,0.4,0.4
160,409,0.8,0.8,0
160,411,0.6,0.6,0
160,413,0.8,0.8,0
160,414,1,0.6,0.4
160,415,1,0.6,0.4
160,416,1,0.6,0.4
160,420,1,0.6,0.4
160,421,1,0.6,0.4
160,422,1,0.6,0.4
160,423,1,0.6,0.4
160,424,1,0.6,0.4
160,428,1,0.6,0.4
160,431,1,0.6,0.4
160,435,1,0.6,0.4
160,436,1,0.6,0.4
160,444,1,0.6,0.4
160,46,1,0.6,0.4
160,460,0.8,0.4,0.4
160,478,1,0.6,0.4
160,49,1,0.6,0.4
160,59,0.8,1,-0.2
160,69,1,0.6,0.4
160,70,1,0.6,0.4
160,78,1,0.4,0.6
160,79,1,0.6,0.4
160,80,1,0.6,0.4
160,83,1,0.6,0.4
160,87,1,0.6,0.4
160,91,0.8,0.4,0.4
160,92,0.8,1,-0.2
160,97,1,0.6,0.4
205,212,0.8,0.8,0
205,216,0.8,0.4,0.4
205,233,1,0.8,0.2
205,24,0.6,0.2,0.4
205,26,0.8,0.4,0.4
205,28,1,0.8,0.2
205,32,0.8,0.4,0.4
205,328,1,0.8,0.2
205,332,1,1,0
205,334,0.6,0.2,0.4
205,336,0.8,0.4,0.4
205,338,1,1,0
205,339,1,0.8,0.2
205,344,1,1,0
205,345,1,1,0
205,347,1,0.8,0.2
205,352,1,1,0
205,353,1,1,0
205,36,1,1,0
205,364,0.8,0.4,0.4
205,369,1,0.6,0.4
205,389,1,1,0
205,39,1,0.6,0.4
205,40,0.8,0.4,0.4
205,409,0.8,0.4,0.4
205,411,0.6,0.2,0.4
205,413,0.8,0.8,0
205,414,1,1,0
205,415,1,1,0
205,416,1,1,0
205,420,1,1,0
205,421,1,1,0
205,422,1,1,0
205,423,1,1,0
205,424,1,1,0
205,428,1,1,0
205,431,1,1,0
205,435,1,1,0
205,436,1,1,0
205,444,1,1,0
205,46,1,1,0
205,460,0.8,0.4,0.4
205,478,1,1,0
205,49,1,1,0
205,59,0.8,0.6,0.2
205,69,1,1,0
205,70,1,1,0
205,78,1,0.8,0.2
205,79,1,1,0
205,80,1,1,0
205,83,1,1,0
205,87,1,1,0
205,91,0.8,0.4,0.4
205,92,0.8,0.6,0.2
205,97,1,1,0
212,216,1,0.6,0.4
212,233,0.8,0.6,0.2
212,24,0.8,0.4,0.4
212,26,1,0.6,0.4
212,28,0.8,0.6,0.2
212,32,0.6,0.2,0.4
212,328,0.8,0.6,0.2
212,332,0.8,0.8,0
212,334,0.4,0,0.4
212,336,1,0.6,0.4
212,338,0.8,0.8,0
212,339,0.8,0.6,0.2
212,344,0.8,0.8,0
212,345,0.8,0.8,0
212,347,0.8,0.6,0.2
212,352,0.8,0.8,0
212,353,0.8,0.8,0
212,36,0.8,0.8,0
212,364,1,0.6,0.4
212,369,0.8,0.4,0.4
212,389,0.8,0.8,0
212,39,0.8,0.8,0
212,40,0.6,0.2,0.4
212,409,1,0.6,0.4
212,411,0.8,0.4,0.4
212,413,1,1,0
212,414,0.8,0.8,0
212,415,0.8,0.8,0
212,416,0.8,0.8,0
212,420,0.8,0.8,0
212,421,0.8,0.8,0
212,422,0.8,0.8,0
212,423,0.8,0.8,0
212,424,0.8,0.8,0
212,428,0.8,0.8,0
212,431,0.8,0.8,0
212,435,0.8,0.8,0
212,436,0.8,0.8,0
212,444,0.8,0.8,0
212,46,0.8,0.8,0
212,460,0.6,0.2,0.4
212,478,0.8,0.8,0
212,49,0.8,0.8,0
212,59,1,0.8,0.2
212,69,0.8,0.8,0
212,70,0.8,0.8,0
212,78,0.8,0.6,0.2
212,79,0.8,0.8,0
212,80,0.8,0.8,0
212,83,0.8,0.8,0
212,87,0.8,0.8,0
212,91,0.6,0.2,0.4
212,92,1,0.8,0.2
212,97,0.8,0.8,0
216,233,0.8,0.6,0.2
216,24,0.8,0.8,0
216,26,1,1,0
216,28,0.8,0.6,0.2
216,32,0.6,0.6,0
216,328,0.8,0.6,0.2
216,332,0.8,0.4,0.4
216,334,0.4,0.4,0
216,336,1,1,0
216,338,0.8,0.4,0.4
216,339,0.8,0.6,0.2
216,344,0.8,0.4,0.4
216,345,0.8,0.4,0.4
216,347,0.8,0.6,0.2
216,352,0.8,0.4,0.4
216,353,0.8,0.4,0.4
216,36,0.8,0.4,0.4
216,364,1,1,0
216,369,0.8,0.8,0
216,389,0.8,0.4,0.4
216,39,0.8,0.8,0
216,40,0.6,0.6,0
216,409,1,1,0
216,411,0.8,0.8,0
216,413,1,0.6,0.4
216,414,0.8,0.4,0.4
216,415,0.8,0.4,0.4
216,416,0.8,0.4,0.4
216,420,0.8,0.4,0.4
216,421,0.8,0.4,0.4
216,422,0.8,0.4,0.4
216,423,0.8,0.4,0.4
216,424,0.8,0.4,0.4
216,428,0.8,0.4,0.4
216,431,0.8,0.4,0.4
216,435,0.8,0.4,0.4
216,436,0.8,0.4,0.4
216,444,0.8,0.4,0.4
216,46,0.8,0.4,0.4
216,460,0.6,0.6,0
216,478,0.8,0.4,0.4
216,49,0.8,0.4,0.4
216,59,1,0.8,0.2
216,69,0.8,0.4,0.4
216,70,0.8,0.4,0.4
216,78,0.8,0.6,0.2
216,79,0.8,0.4,0.4
216,80,0.8,0.4,0.4
216,83,0.8,0.4,0.4
216,87,0.8,0.4,0.4
216,91,0.6,0.6,0
216,92,1,0.8,0.2
216,97,0.8,0.4,0.4
233,24,0.6,0.4,0.2
233,26,0.8,0.6,0.2
233,28,1,1,0
233,32,0.8,0.6,0.2
233,328,1,1,0
233,332,1,0.8,0.2
233,334,0.6,0.4,0.2
233,336,0.8,0.6,0.2
233,338,1,0.8,0.2
233,339,1,1,0
233,344,1,0.8,0.2
233,345,1,0.8,0.2
233,347,1,0.6,0.4
233,352,1,0.8,0.2
233,353,1,0.8,0.2
233,36,1,0.8,0.2
233,364,0.8,0.6,0.2
233,369,1,0.8,0.2
233,389,1,0.8,0.2
233,39,1,0.8,0.2
233,40,0.8,0.6,0.2
233,409,0.8,0.6,0.2
233,411,0.6,0.4,0.2
233,413,0.8,0.6,0.2
233,414,1,0.8,0.2
233,415,1,0.8,0.2
233,416,1,0.8,0.2
233,420,1,0.8,0.2
233,421,1,0.8,0.2
233,422,1,0.8,0.2
233,423,1,0.8,0.2
233,424,1,0.8,0.2
233,428,1,0.8,0.2
233,431,1,0.8,0.2
233,435,1,0.8,0.2
233,436,1,0.8,0.2
233,444,1,0.8,0.2
233,46,1,0.8,0.2
233,460,0.8,0.6,0.2
233,478,1,0.8,0.2
233,49,1,0.8,0.2
233,59,0.8,0.8,0
233,69,1,0.8,0.2
233,70,1,0.8,0.2
233,78,1,0.6,0.4
233,79,1,0.8,0.2
233,80,1,0.8,0.2
233,83,1,0.8,0.2
233,87,1,0.8,0.2
233,91,0.8,0.6,0.2
233,92,0.8,0.8,0
233,97,1,0.8,0.2
24,26,0.8,0.8,0
24,28,0.6,0.4,0.2
24,32,0.8,0.8,0
24,328,0.6,0.4,0.2
24,332,0.6,0.2,0.4
24,334,0.6,0.6,0
24,336,0.8,0.8,0
24,338,0.6,0.2,0.4
24,339,0.6,0.4,0.2
24,344,0.6,0.2,0.4
24,345,0.6,0.2,0.4
24,347,0.6,0.4,0.2
24,352,0.6,0.2,0.4
24,353,0.6,0.2,0.4
24,36,0.6,0.2,0.4
24,364,0.8,0.8,0
24,369,0.6,0.6,0
24,389,0.6,0.2,0.4
24,39,0.6,0.6,0
24,40,0.8,0.8,0
24,409,0.8,0.8,0
24,411,1,1,0
24,413,0.8,0.4,0.4
24,414,0.6,0.2,0.4
24,415,0.6,0.2,0.4
24,416,0.6,0.2,0.4
24,420,0.6,0.2,0.4
24,421,0.6,0.2,0.4
24,422,0.6,0.2,0.4
24,423,0.6,0.2,0.4
24,424,0.6,0.2,0.4
24,428,0.6,0.2,0.4
24,431,0.6,0.2,0.4
24,435,0.6,0.2,0.4
24,436,0.6,0.2,0.4
24,444,0.6,0.2,0.4
24,46,0.6,0.2,0.4
24,460,0.8,0.8,0
24,478,0.6,0.2,0.4
24,49,0.6,0.2,0.4
24,59,0.8,0.6,0.2
24,69,0.6,0.2,0.4
24,70,0.6,0.2,0.4
24,78,0.6,0.4,0.2
24,79,0.6,0.2,0.4
24,80,0.6,0.2,0.4
24,83,0.6,0.2,0.4
24,87,0.6,0.2,0.4
24,91,0.8,0.8,0
24,92,0.8,0.6,0.2
24,97,0.6,0.2,0.4
26,28,0.8,0.6,0.2
26,32,0.6,0.6,0
26,328,0.8,0.6,0.2
26,332,0.8,0.4,0.4
26,334,0.4,0.4,0
26,336,1,1,0
26,338,0.8,0.4,0.4
26,339,0.8,0.6,0.2
26,344,0.8,0.4,0.4
26,345,0.8,0.4,0.4
26,347,0.8,0.6,0.2
26,352,0.8,0.4,0.4
26,353,0.8,0.4,0.4
26,36,0.8,0.4,0.4
26,364,1,1,0
26,369,0.8,0.8,0
26,389,0.8,0.4,0.4
26,39,0.8,0.8,0
26,40,0.6,0.6,0
26,409,1,1,0
26,411,0.8,0.8,0
26,413,1,0.6,0.4
26,414,0.8,0.4,0.4
26,415,0.8,0.4,0.4
26,416,0.8,0.4,0.4
26,420,0.8,0.4,0.4
26,421,0.8,0.4,0.4
26,422,0.8,0.4,0.4
26,423,0.8,0.4,0.4
26,424,0.8,0.4,0.4
26,428,0.8,0.4,0.4
26,431,0.8,0.4,0.4
26,435,0.8,0.4,0.4
26,436,0.8,0.4,0.4
26,444,0.8,0.4,0.4
26,46,0.8,0.4,0.4
26,460,0.6,0.6,0
26,478,0.8,0.4,0.4
26,49,0.8,0.4,0.4
26,59,1,0.8,0.2
26,69,0.8,0.4,0.4
26,70,0.8,0.4,0.4
26,78,0.8,0.6,0.2
26,79,0.8,0.4,0.4
26,80,0.8,0.4,0.4
26,83,0.8,0.4,0.4
26,87,0.8,0.4,0.4
26,91,0.6,0.6,0
26,92,1,0.8,0.2
26,97,0.8,0.4,0.4
28,32,0.8,0.6,0.2
28,328,1,1,0
28,332,1,0.8,0.2
28,334,0.6,0.4,0.2
28,336,0.8,0.6,0.2
28,338,1,0.8,0.2
28,339,1,1,0
28,344,1,0.8,0.2
28,345,1,0.8,0.2
28,347,1,0.6,0.4
28,352,1,0.8,0.2
28,353,1,0.8,0.2
28,36,1,0.8,0.2
28,364,0.8,0.6,0.2
28,369,1,0.8,0.2
28,389,1,0.8,0.2
28,39,1,0.8,0.2
28,40,0.8,0.6,0.2
28,409,0.8,0.6,0.2
28,411,0.6,0.4,0.2
28,413,0.8,0.6,0.2
28,414,1,0.8,0.2
28,415,1,0.8,0.2
28,416,1,0.8,0.2
28,420,1,0.8,0.2
28,421,1,0.8,0.2
28,422,1,0.8,0.2
28,423,1,0.8,0.2
28,424,1,0.8,0.2
28,428,1,0.8,0.2
28,431,1,0.8,0.2
28,435,1,0.8,0.2
28,436,1,0.8,0.2
28,444,1,0.8,0.2
28,46,1,0.8,0.2
28,460,0.8,0.6,0.2
28,478,1,0.8,0.2
28,49,1,0.8,0.2
28,59,0.8,0.8,0
28,69,1,0.8,0.2
28,70,1,0.8,0.2
28,78,1,0.6,0.4
28,79,1,0.8,0.2
28,80,1,0.8,0.2
28,83,1,0.8,0.2
28,87,1,0.8,0.2
28,91,0.8,0.6,0.2
28,92,0.8,0.8,0
28,97,1,0.8,0.2
32,328,0.8,0.6,0.2
32,332,0.8,0.4,0.4
32,334,0.8,0.8,0
32,336,0.6,0.6,0
32,338,0.8,0.4,0.4
32,339,0.8,0.6,0.2
32,344,0.8,0.4,0.4
32,345,0.8,0.4,0.4
32,347,0.8,0.6,0.2
32,352,0.8,0.4,0.4
32,353,0.8,0.4,0.4
32,36,0.8,0.4,0.4
32,364,0.6,0.6,0
32,369,0.8,0.8,0
32,389,0.8,0.4,0.4
32,39,0.8,0.4,0.4
32,40,1,1,0
32,409,0.6,0.6,0
32,411,0.8,0.8,0
32,413,0.6,0.2,0.4
32,414,0.8,0.4,0.4
32,415,0.8,0.4,0.4
32,416,0.8,0.4,0.4
32,420,0.8,0.4,0.4
32,421,0.8,0.4,0.4
32,422,0.8,0.4,0.4
32,423,0.8,0.4,0.4
32,424,0.8,0.4,0.4
32,428,0.8,0.4,0.4
32,431,0.8,0.4,0.4
32,435,0.8,0.4,0.4
32,436,0.8,0.4,0.4
32,444,0.8,0.4,0.4
32,46,0.8,0.4,0.4
32,460,1,1,0
32,478,0.8,0.4,0.4
32,49,0.8,0.4,0.4
32,59,0.6,0.4,0.2
32,69,0.8,0.4,0.4
32,70,0.8,0.4,0.4
32,78,0.8,0.6,0.2
32,79,0.8,0.4,0.4
32,80,0.8,0.4,0.4
32,83,0.8,0.4,0.4
32,87,0.8,0.4,0.4
32,91,1,1,0
32,92,0.6,0.4,0.2
32,97,0.8,0.4,0.4
328,332,1,0.8,0.2
328,334,0.6,0.4,0.2
328,336,0.8,0.6,0.2
328,338,1,0.8,0.2
328,339,1,1,0
328,344,1,0.8,0.2
328,345,1,0.8,0.2
328,347,1,0.6,0.4
328,352,1,0.8,0.2
328,353,1,0.8,0.2
328,36,1,0.8,0.2
328,364,0.8,0.6,0.2
328,369,1,0.8,0.2
328,389,1,0.8,0.2
328,39,1,0.8,0.2
328,40,0.8,0.6,0.2
328,409,0.8,0.6,0.2
328,411,0.6,0.4,0.2
328,413,0.8,0.6,0.2
328,414,1,0.8,0.2
328,415,1,0.8,0.2
328,416,1,0.8,0.2
328,420,1,0.8,0.2
328,421,1,0.8,0.2
328,422,1,0.8,0.2
328,423,1,0.8,0.2
328,424,1,0.8,0.2
328,428,1,0.8,0.2
328,431,1,0.8,0.2
328,435,1,0.8,0.2
328,436,1,0.8,0.2
328,444,1,0.8,0.2
328,46,1,0.8,0.2
328,460,0.8,0.6,0.2
328,478,1,0.8,0.2
328,49,1,0.8,0.2
328,59,0.8,0.8,0
328,69,1,0.8,0.2
328,70,1,0.8,0.2
328,78,1,0.6,0.4
328,79,1,0.8,0.2
328,80,1,0.8,0.2
328,83,1,0.8,0.2
328,87,1,0.8,0.2
328,91,0.8,0.6,0.2
328,92,0.8,0.8,0
328,97,1,0.8,0.2
332,334,0.6,0.2,0.4
332,336,0.8,0.4,0.4
332,338,1,1,0
332,339,1,0.8,0.2
332,344,1,1,0
332,345,1,1,0
332,347,1,0.8,0.2
332,352,1,1,0
332,353,1,1,0
332,36,1,1,0
332,364,0.8,0.4,0.4
332,369,1,0.6,0.4
332,389,1,1,0
332,39,1,0.6,0.4
332,40,0.8,0.4,0.4
332,409,0.8,0.4,0.4
332,411,0.6,0.2,0.4
332,413,0.8,0.8,0
332,414,1,1,0
332,415,1,1,0
332,416,1,1,0
332,420,1,1,0
332,421,1,1,0
332,422,1,1,0
332,423,1,1,0
332,424,1,1,0
332,428,1,1,0
332,431,1,1,0
332,435,1,1,0
332,436,1,1,0
332,444,1,1,0
332,46,1,1,0
332,460,0.8,0.4,0.4
332,478,1,1,0
332,49,1,1,0
332,59,0.8,0.6,0.2
332,69,1,1,0
332,70,1,1,0
332,78,1,0.8,0.2
332,79,1,1,0
332,80,1,1,0
332,83,1,1,0
332,87,1,1,0
332,91,0.8,0.4,0.4
332,92,0.8,0.6,0.2
332,97,1,1,0
334,336,0.4,0.4,0
334,338,0.6,0.2,0.4
334,339,0.6,0.4,0.2
334,344,0.6,0.2,0.4
334,345,0.6,0.2,0.4
334,347,0.6,0.4,0.2
334,352,0.6,0.2,0.4
334,353,0.6,0.2,0.4
334,36,0.6,0.2,0.4
334,364,0.4,0.4,0
334,369,0.6,0.6,0
334,389,0.6,0.2,0.4
334,39,0.6,0.2,0.4
334,40,0.8,0.8,0
334,409,0.4,0.4,0
334,411,0.6,0.6,0
334,413,0.4,0,0.4
334,414,0.6,0.2,0.4
334,415,0.6,0.2,0.4
334,416,0.6,0.2,0.4
334,420,0.6,0.2,0.4
334,421,0.6,0.2,0.4
334,422,0.6,0.2,0.4
334,423,0.6,0.2,0.4
334,424,0.6,0.2,0.4
334,428,0.6,0.2,0.4
334,431,0.6,0.2,0.4
334,435,0.6,0.2,0.4
334,436,0.6,0.2,0.4
334,444,0.6,0.2,0.4
334,46,0.6,0.2,0.4
334,460,0.8,0.8,0
334,478,0.6,0.2,0.4
334,49,0.6,0.2,0.4
334,59,0.4,0.2,0.2
334,69,0.6,0.2,0.4
334,70,0.6,0.2,0.4
334,78,0.6,0.4,0.2
334,79,0.6,0.2,0.4
334,80,0.6,0.2,0.4
334,83,0.6,0.2,0.4
334,87,0.6,0.2,0.4
334,91,0.8,0.8,0
334,92,0.4,0.2,0.2
334,97,0.6,0.2,0.4
336,338,0.8,0.4,0.4
336,339,0.8,0.6,0.2
336,344,0.8,0.4,0.4
336,345,0.8,0.4,0.4
336,347,0.8,0.6,0.2
336,352,0.8,0.4,0.4
336,353,0.8,0.4,0.4
336,36,0.8,0.4,0.4
336,364,1,1,0
336,369,0.8,0.8,0
336,389,0.8,0.4,0.4
336,39,0.8,0.8,0
336,40,0.6,0.6,0
336,409,1,1,0
336,411,0.8,0.8,0
336,413,1,0.6,0.4
336,414,0.8,0.4,0.4
336,415,0.8,0.4,0.4
336,416,0.8,0.4,0.4
336,420,0.8,0.4,0.4
336,421,0.8,0.4,0.4
336,422,0.8,0.4,0.4
336,423,0.8,0.4,0.4
336,424,0.8,0.4,0.4
336,428,0.8,0.4,0.4
336,431,0.8,0.4,0.4
336,435,0.8,0.4,0.4
336,436,0.8,0.4,0.4
336,444,0.8,0.4,0.4
336,46,0.8,0.4,0.4
336,460,0.6,0.6,0
336,478,0.8,0.4,0.4
336,49,0.8,0.4,0.4
336,59,1,0.8,0.2
336,69,0.8,0.4,0.4
336,70,0.8,0.4,0.4
336,78,0.8,0.6,0.2
336,79,0.8,0.4,0.4
336,80,0.8,0.4,0.4
336,83,0.8,0.4,0.4
336,87,0.8,0.4,0.4
336,91,0.6,0.6,0
336,92,1,0.8,0.2
336,97,0.8,0.4,0.4
338,339,1,0.8,0.2
338,344,1,1,0
338,345,1,1,0
338,347,1,0.8,0.2
338,352,1,1,0
338,353,1,1,0
338,36,1,1,0
338,364,0.8,0.4,0.4
338,369,1,0.6,0.4
338,389,1,1,0
338,39,1,0.6,0.4
338,40,0.8,0.4,0.4
338,409,0.8,0.4,0.4
338,411,0.6,0.2,0.4
338,413,0.8,0.8,0
338,414,1,1,0
338,415,1,1,0
338,416,1,1,0
338,420,1,1,0
338,421,1,1,0
338,422,1,1,0
338,423,1,1,0
338,424,1,1,0
338,428,1,1,0
338,431,1,1,0
338,435,1,1,0
338,436,1,1,0
338,444,1,1,0
338,46,1,1,0
338,460,0.8,0.4,0.4
338,478,1,1,0
338,49,1,1,0
338,59,0.8,0.6,0.2
338,69,1,1,0
338,70,1,1,0
338,78,1,0.8,0.2
338,79,1,1,0
338,80,1,1,0
338,83,1,1,0
338,87,1,1,0
338,91,0.8,0.4,0.4
338,92,0.8,0.6,0.2
338,97,1,1,0
339,344,1,0.8,0.2
339,345,1,0.8,0.2
339,347,1,0.6,0.4
339,352,1,0.8,0.2
339,353,1,0.8,0.2
339,36,1,0.8,0.2
339,364,0.8,0.6,0.2
339,369,1,0.8,0.2
339,389,1,0.8,0.2
339,39,1,0.8,0.2
339,40,0.8,0.6,0.2
339,409,0.8,0.6,0.2
339,411,0.6,0.4,0.2
339,413,0.8,0.6,0.2
339,414,1,0.8,0.2
339,415,1,0.8,0.2
339,416,1,0.8,0.2
339,420,1,0.8,0.2
339,421,1,0.8,0.2
339,422,1,0.8,0.2
339,423,1,0.8,0.2
339,424,1,0.8,0.2
339,428,1,0.8,0.2
339,431,1,0.8,0.2
339,435,1,0.8,0.2
339,436,1,0.8,0.2
339,444,1,0.8,0.2
339,46,1,0.8,0.2
339,460,0.8,0.6,0.2
339,478,1,0.8,0.2
339,49,1,0.8,0.2
339,59,0.8,0.8,0
339,69,1,0.8,0.2
339,70,1,0.8,0.2
339,78,1,0.6,0.4
339,79,1,0.8,0.2
339,80,1,0.8,0.2
339,83,1,0.8,0.2
339,87,1,0.8,0.2
339,91,0.8,0.6,0.2
339,92,0.8,0.8,0
339,97,1,0.8,0.2
344,345,1,1,0
344,347,1,0.8,0.2
344,352,1,1,0
344,353,1,1,0
344,36,1,1,0
344,364,0.8,0.4,0.4
344,369,1,0.6,0.4
344,389,1,1,0
344,39,1,0.6,0.4
344,40,0.8,0.4,0.4
344,409,0.8,0.4,0.4
344,411,0.6,0.2,0.4
344,413,0.8,0.8,0
344,414,1,1,0
344,415,1,1,0
344,416,1,1,0
344,420,1,1,0
344,421,1,1,0
344,422,1,1,0
344,423,1,1,0
344,424,1,1,0
344,428,1,1,0
344,431,1,1,0
344,435,1,1,0
344,436,1,1,0
344,444,1,1,0
344,46,1,1,0
344,460,0.8,0.4,0.4
344,478,1,1,0
344,49,1,1,0
344,59,0.8,0.6,0.2
344,69,1,1,0
344,70,1,1,0
344,78,1,0.8,0.2
344,79,1,1,0
344,80,1,1,0
344,83,1,1,0
344,87,1,1,0
344,91,0.8,0.4,0.4
344,92,0.8,0.6,0.2
344,97,1,1,0
345,347,1,0.8,0.2
345,352,1,1,0
345,353,1,1,0
345,36,1,1,0
345,364,0.8,0.4,0.4
345,369,1,0.6,0.4
345,389,1,1,0
345,39,1,0.6,0.4
345,40,0.8,0.4,0.4
345,409,0.8,0.4,0.4
345,411,0.6,0.2,0.4
345,413,0.8,0.8,0
345,414,1,1,0
345,415,1,1,0
345,416,1,1,0
345,420,1,1,0
345,421,1,1,0
345,422,1,1,0
345,423,1,1,0
345,424,1,1,0
345,428,1,1,0
345,431,1,1,0
345,435,1,1,0
345,436,1,1,0
345,444,1,1,0
345,46,1,1,0
345,460,0.8,0.4,0.4
345,478,1,1,0
345,49,1,1,0
345,59,0.8,0.6,0.2
345,69,1,1,0
345,70,1,1,0
345,78,1,0.8,0.2
345,79,1,1,0
345,80,1,1,0
345,83,1,1,0
345,87,1,1,0
345,91,0.8,0.4,0.4
345,92,0.8,0.6,0.2
345,97,1,1,0
347,352,1,0.8,0.2
347,353,1,0.8,0.2
347,36,1,0.8,0.2
347,364,0.8,0.6,0.2
347,369,1,0.8,0.2
347,389,1,0.8,0.2
347,39,1,0.4,0.6
347,40,0.8,0.6,0.2
347,409,0.8,0.6,0.2
347,411,0.6,0.4,0.2
347,413,0.8,0.6,0.2
347,414,1,0.8,0.2
347,415,1,0.8,0.2
347,416,1,0.8,0.2
347,420,1,0.8,0.2
347,421,1,0.8,0.2
347,422,1,0.8,0.2
347,423,1,0.8,0.2
347,424,1,0.8,0.2
347,428,1,0.8,0.2
347,431,1,0.8,0.2
347,435,1,0.8,0.2
347,436,1,0.8,0.2
347,444,1,0.8,0.2
347,46,1,0.8,0.2
347,460,0.8,0.6,0.2
347,478,1,0.8,0.2
347,49,1,0.8,0.2
347,59,0.8,0.4,0.4
347,69,1,0.8,0.2
347,70,1,0.8,0.2
347,78,1,1,0
347,79,1,0.8,0.2
347,80,1,0.8,0.2
347,83,1,0.8,0.2
347,87,1,0.8,0.2
347,91,0.8,0.6,0.2
347,92,0.8,0.4,0.4
347,97,1,0.8,0.2
352,353,1,1,0
352,36,1,1,0
352,364,0.8,0.4,0.4
352,369,1,0.6,0.4
352,389,1,1,0
352,39,1,0.6,0.4
352,40,0.8,0.4,0.4
352,409,0.8,0.4,0.4
352,411,0.6,0.2,0.4
352,413,0.8,0.8,0
352,414,1,1,0
352,415,1,1,0
352,416,1,1,0
352,420,1,1,0
352,421,1,1,0
352,422,1,1,0
352,423,1,1,0
352,424,1,1,0
352,428,1,1,0
352,431,1,1,0
352,435,1,1,0
352,436,1,1,0
352,444,1,1,0
352,46,1,1,0
352,460,0.8,0.4,0.4
352,478,1,1,0
352,49,1,1,0
352,59,0.8,0.6,0.2
352,69,1,1,0
352,70,1,1,0
352,78,1,0.8,0.2
352,79,1,1,0
352,80,1,1,0
352,83,1,1,0
352,87,1,1,0
352,91,0.8,0.4,0.4
352,92,0.8,0.6,0.2
352,97,1,1,0
353,36,1,1,0
353,364,0.8,0.4,0.4
353,369,1,0.6,0.4
353,389,1,1,0
353,39,1,0.6,0.4
353,40,0.8,0.4,0.4
353,409,0.8,0.4,0.4
353,411,0.6,0.2,0.4
353,413,0.8,0.8,0
353,414,1,1,0
353,415,1,1,0
353,416,1,1,0
353,420,1,1,0
353,421,1,1,0
353,422,1,1,0
353,423,1,1,0
353,424,1,1,0
353,428,1,1,0
353,431,1,1,0
353,435,1,1,0
353,436,1,1,0
353,444,1,1,0
353,46,1,1,0
353,460,0.8,0.4,0.4
353,478,1,1,0
353,49,1,1,0
353,59,0.8,0.6,0.2
353,69,1,1,0
353,70,1,1,0
353,78,1,0.8,0.2
353,79,1,1,0
353,80,1,1,0
353,83,1,1,0
353,87,1,1,0
353,91,0.8,0.4,0.4
353,92,0.8,0.6,0.2
353,97,1,1,0
36,364,0.8,0.4,0.4
36,369,1,0.6,0.4
36,389,1,1,0
36,39,1,0.6,0.4
36,40,0.8,0.4,0.4
36,409,0.8,0.4,0.4
36,411,0.6,0.2,0.4
36,413,0.8,0.8,0
36,414,1,1,0
36,415,1,1,0
36,416,1,1,0
36,420,1,1,0
36,421,1,1,0
36,422,1,1,0
36,423,1,1,0
36,424,1,1,0
36,428,1,1,0
36,431,1,1,0
36,435,1,1,0
36,436,1,1,0
36,444,1,1,0
36,46,1,1,0
36,460,0.8,0.4,0.4
36,478,1,1,0
36,49,1,1,0
36,59,0.8,0.6,0.2
36,69,1,1,0
36,70,1,1,0
36,78,1,0.8,0.2
36,79,1,1,0
36,80,1,1,0
36,83,1,1,0
36,87,1,1,0
36,91,0.8,0.4,0.4
36,92,0.8,0.6,0.2
36,97,1,1,0
364,369,0.8,0.8,0
364,389,0.8,0.4,0.4
364,39,0.8,0.8,0
364,40,0.6,0.6,0
364,409,1,1,0
364,411,0.8,0.8,0
364,413,1,0.6,0.4
364,414,0.8,0.4,0.4
364,415,0.8,0.4,0.4
364,416,0.8,0.4,0.4
364,420,0.8,0.4,0.4
364,421,0.8,0.4,0.4
364,422,0.8,0.4,0.4
364,423,0.8,0.4,0.4
364,424,0.8,0.4,0.4
364,428,0.8,0.4,0.4
364,431,0.8,0.4,0.4
364,435,0.8,0.4,0.4
364,436,0.8,0.4,0.4
364,444,0.8,0.4,0.4
364,46,0.8,0.4,0.4
364,460,0.6,0.6,0
364,478,0.8,0.4,0.4
364,49,0.8,0.4,0.4
364,59,1,0.8,0.2
364,69,0.8,0.4,0.4
364,70,0.8,0.4,0.4
364,78,0.8,0.6,0.2
364,79,0.8,0.4,0.4
364,80,0.8,0.4,0.4
364,83,0.8,0.4,0.4
364,87,0.8,0.4,0.4
364,91,0.6,0.6,0
364,92,1,0.8,0.2
364,97,0.8,0.4,0.4
369,389,1,0.6,0.4
369,39,1,0.6,0.4
369,40,0.8,0.8,0
369,409,0.8,0.8,0
369,411,0.6,0.6,0
369,413,0.8,0.4,0.4
369,414,1,0.6,0.4
369,415,1,0.6,0.4
369,416,1,0.6,0.4
369,420,1,0.6,0.4
369,421,1,0.6,0.4
369,422,1,0.6,0.4
369,423,1,0.6,0.4
369,424,1,0.6,0.4
369,428,1,0.6,0.4
369,431,1,0.6,0.4
369,435,1,0.6,0.4
369,436,1,0.6,0.4
369,444,1,0.6,0.4
369,46,1,0.6,0.4
369,460,0.8,0.8,0
369,478,1,0.6,0.4
369,49,1,0.6,0.4
369,59,0.8,0.6,0.2
369,69,1,0.6,0.4
369,70,1,0.6,0.4
369,78,1,0.8,0.2
369,79,1,0.6,0.4
369,80,1,0.6,0.4
369,83,1,0.6,0.4
369,87,1,0.6,0.4
369,91,0.8,0.8,0
369,92,0.8,0.6,0.2
369,97,1,0.6,0.4
389,39,1,0.6,0.4
389,40,0.8,0.4,0.4
389,409,0.8,0.4,0.4
389,411,0.6,0.2,0.4
389,413,0.8,0.8,0
389,414,1,1,0
389,415,1,1,0
389,416,1,1,0
389,420,1,1,0
389,421,1,1,0
389,422,1,1,0
389,423,1,1,0
389,424,1,1,0
389,428,1,1,0
389,431,1,1,0
389,435,1,1,0
389,436,1,1,0
389,444,1,1,0
389,46,1,1,0
389,460,0.8,0.4,0.4
389,478,1,1,0
389,49,1,1,0
389,59,0.8,0.6,0.2
389,69,1,1,0
389,70,1,1,0
389,78,1,0.8,0.2
389,79,1,1,0
389,80,1,1,0
389,83,1,1,0
389,87,1,1,0
389,91,0.8,0.4,0.4
389,92,0.8,0.6,0.2
389,97,1,1,0
39,40,0.8,0.4,0.4
39,409,0.8,0.8,0
39,411,0.6,0.6,0
39,413,0.8,0.8,0
39,414,1,0.6,0.4
39,415,1,0.6,0.4
39,416,1,0.6,0.4
39,420,1,0.6,0.4
39,421,1,0.6,0.4
39,422,1,0.6,0.4
39,423,1,0.6,0.4
39,424,1,0.6,0.4
39,428,1,0.6,0.4
39,431,1,0.6,0.4
39,435,1,0.6,0.4
39,436,1,0.6,0.4
39,444,1,0.6,0.4
39,46,1,0.6,0.4
39,460,0.8,0.4,0.4
39,478,1,0.6,0.4
39,49,1,0.6,0.4
39,59,0.8,1,-0.2
39,69,1,0.6,0.4
39,70,1,0.6,0.4
39,78,1,0.4,0.6
39,79,1,0.6,0.4
39,80,1,0.6,0.4
39,83,1,0.6,0.4
39,87,1,0.6,0.4
39,91,0.8,0.4,0.4
39,92,0.8,1,-0.2
39,97,1,0.6,0.4
40,409,0.6,0.6,0
40,411,0.8,0.8,0
40,413,0.6,0.2,0.4
40,414,0.8,0.4,0.4
40,415,0.8,0.4,0.4
40,416,0.8,0.4,0.4
40,420,0.8,0.4,0.4
40,421,0.8,0.4,0.4
40,422,0.8,0.4,0.4
40,423,0.8,0.4,0.4
40,424,0.8,0.4,0.4
40,428,0.8,0.4,0.4
40,431,0.8,0.4,0.4
40,435,0.8,0.4,0.4
40,436,0.8,0.4,0.4
40,444,0.8,0.4,0.4
40,46,0.8,0.4,0.4
40,460,1,1,0
40,478,0.8,0.4,0.4
40,49,0.8,0.4,0.4
40,59,0.6,0.4,0.2
40,69,0.8,0.4,0.4
40,70,0.8,0.4,0.4
40,78,0.8,0.6,0.2
40,79,0.8,0.4,0.4
40,80,0.8,0.4,0.4
40,83,0.8,0.4,0.4
40,87,0.8,0.4,0.4
40,91,1,1,0
40,92,0.6,0.4,0.2
40,97,0.8,0.4,0.4
409,411,0.8,0.8,0
409,413,1,0.6,0.4
409,414,0.8,0.4,0.4
409,415,0.8,0.4,0.4
409,416,0.8,0.4,0.4
409,420,0.8,0.4,0.4
409,421,0.8,0.4,0.4
409,422,0.8,0.4,0.4
409,423,0.8,0.4,0.4
409,424,0.8,0.4,0.4
409,428,0.8,0.4,0.4
409,431,0.8,0.4,0.4
409,435,0.8,0.4,0.4
409,436,0.8,0.4,0.4
409,444,0.8,0.4,0.4
409,46,0.8,0.4,0.4
409,460,0.6,0.6,0
409,478,0.8,0.4,0.4
409,49,0.8,0.4,0.4
409,59,1,0.8,0.2
409,69,0.8,0.4,0.4
409,70,0.8,0.4,0.4
409,78,0.8,0.6,0.2
409,79,0.8,0.4,0.4
409,80,0.8,0.4,0.4
409,83,0.8,0.4,0.4
409,87,0.8,0.4,0.4
409,91,0.6,0.6,0
409,92,1,0.8,0.2
409,97,0.8,0.4,0.4
411,413,0.8,0.4,0.4
411,414,0.6,0.2,0.4
411,415,0.6,0.2,0.4
411,416,0.6,0.2,0.4
411,420,0.6,0.2,0.4
411,421,0.6,0.2,0.4
411,422,0.6,0.2,0.4
411,423,0.6,0.2,0.4
411,424,0.6,0.2,0.4
411,428,0.6,0.2,0.4
411,431,0.6,0.2,0.4
411,435,0.6,0.2,0.4
411,436,0.6,0.2,0.4
411,444,0.6,0.2,0.4
411,46,0.6,0.2,0.4
411,460,0.8,0.8,0
411,478,0.6,0.2,0.4
411,49,0.6,0.2,0.4
411,59,0.8,0.6,0.2
411,69,0.6,0.2,0.4
411,70,0.6,0.2,0.4
411,78,0.6,0.4,0.2
411,79,0.6,0.2,0.4
411,80,0.6,0.2,0.4
411,83,0.6,0.2,0.4
411,87,0.6,0.2,0.4
411,91,0.8,0.8,0
411,92,0.8,0.6,0.2
411,97,0.6,0.2,0.4
413,414,0.8,0.8,0
413,415,0.8,0.8,0
413,416,0.8,0.8,0
413,420,0.8,0.8,0
413,421,0.8,0.8,0
413,422,0.8,0.8,0
413,423,0.8,0.8,0
413,424,0.8,0.8,0
413,428,0.8,0.8,0
413,431,0.8,0.8,0
413,435,0.8,0.8,0
413,436,0.8,0.8,0
413,444,0.8,0.8,0
413,46,0.8,0.8,0
413,460,0.6,0.2,0.4
413,478,0.8,0.8,0
413,49,0.8,0.8,0
413,59,1,0.8,0.2
413,69,0.8,0.8,0
413,70,0.8,0.8,0
413,78,0.8,0.6,0.2
413,79,0.8,0.8,0
413,80,0.8,0.8,0
413,83,0.8,0.8,0
413,87,0.8,0.8,0
413,91,0.6,0.2,0.4
413,92,1,0.8,0.2
413,97,0.8,0.8,0
414,415,1,1,0
414,416,1,1,0
414,420,1,1,0
414,421,1,1,0
414,422,1,1,0
414,423,1,1,0
414,424,1,1,0
414,428,1,1,0
414,431,1,1,0
414,435,1,1,0
414,436,1,1,0
414,444,1,1,0
414,46,1,1,0
414,460,0.8,0.4,0.4
414,478,1,1,0
414,49,1,1,0
414,59,0.8,0.6,0.2
414,69,1,1,0
414,70,1,1,0
414,78,1,0.8,0.2
414,79,1,1,0
414,80,1,1,0
414,83,1,1,0
414,87,1,1,0
414,91,0.8,0.4,0.4
414,92,0.8,0.6,0.2
414,97,1,1,0
415,416,1,1,0
415,420,1,1,0
415,421,1,1,0
415,422,1,1,0
415,423,1,1,0
415,424,1,1,0
415,428,1,1,0
415,431,1,1,0
415,435,1,1,0
415,436,1,1,0
415,444,1,1,0
415,46,1,1,0
415,460,0.8,0.4,0.4
415,478,1,1,0
415,49,1,1,0
415,59,0.8,0.6,0.2
415,69,1,1,0
415,70,1,1,0
415,78,1,0.8,0.2
415,79,1,1,0
415,80,1,1,0
415,83,1,1,0
415,87,1,1,0
415,91,0.8,0.4,0.4
415,92,0.8,0.6,0.2
415,97,1,1,0
416,420,1,1,0
416,421,1,1,0
416,422,1,1,0
416,423,1,1,0
416,424,1,1,0
416,428,1,1,0
416,431,1,1,0
416,435,1,1,0
416,436,1,1,0
416,444,1,1,0
416,46,1,1,0
416,460,0.8,0.4,0.4
416,478,1,1,0
416,49,1,1,0
416,59,0.8,0.6,0.2
416,69,1,1,0
416,70,1,1,0
416,78,1,0.8,0.2
416,79,1,1,0
416,80,1,1,0
416,83,1,1,0
416,87,1,1,0
416,91,0.8,0.4,0.4
416,92,0.8,0.6,0.2
416,97,1,1,0
420,421,1,1,0
420,422,1,1,0
420,423,1,1,0
420,424,1,1,0
420,428,1,1,0
420,431,1,1,0
420,435,1,1,0
420,436,1,1,0
420,444,1,1,0
420,46,1,1,0
420,460,0.8,0.4,0.4
420,478,1,1,0
420,49,1,1,0
420,59,0.8,0.6,0.2
420,69,1,1,0
420,70,1,1,0
420,78,1,0.8,0.2
420,79,1,1,0
420,80,1,1,0
420,83,1,1,0
420,87,1,1,0
420,91,0.8,0.4,0.4
420,92,0.8,0.6,0.2
420,97,1,1,0
421,422,1,1,0
421,423,1,1,0
421,424,1,1,0
421,428,1,1,0
421,431,1,1,0
421,435,1,1,0
421,436,1,1,0
421,444,1,1,0
421,46,1,1,0
421,460,0.8,0.4,0.4
421,478,1,1,0
421,49,1,1,0
421,59,0.8,0.6,0.2
421,69,1,1,0
421,70,1,1,0
421,78,1,0.8,0.2
421,79,1,1,0
421,80,1,1,0
421,83,1,1,0
421,87,1,1,0
421,91,0.8,0.4,0.4
421,92,0.8,0.6,0.2
421,97,1,1,0
422,423,1,1,0
422,424,1,1,0
422,428,1,1,0
422,431,1,1,0
422,435,1,1,0
422,436,1,1,0
422,444,1,1,0
422,46,1,1,0
422,460,0.8,0.4,0.4
422,478,1,1,0
422,49,1,1,0
422,59,0.8,0.6,0.2
422,69,1,1,0
422,70,1,1,0
422,78,1,0.8,0.2
422,79,1,1,0
422,80,1,1,0
422,83,1,1,0
422,87,1,1,0
422,91,0.8,0.4,0.4
422,92,0.8,0.6,0.2
422,97,1,1,0
423,424,1,1,0
423,428,1,1,0
423,431,1,1,0
423,435,1,1,0
423,436,1,1,0
423,444,1,1,0
423,46,1,1,0
423,460,0.8,0.4,0.4
423,478,1,1,0
423,49,1,1,0
423,59,0.8,0.6,0.2
423,69,1,1,0
423,70,1,1,0
423,78,1,0.8,0.2
423,79,1,1,0
423,80,1,1,0
423,83,1,1,0
423,87,1,1,0
423,91,0.8,0.4,0.4
423,92,0.8,0.6,0.2
423,97,1,1,0
424,428,1,1,0
424,431,1,1,0
424,435,1,1,0
424,436,1,1,0
424,444,1,1,0
424,46,1,1,0
424,460,0.8,0.4,0.4
424,478,1,1,0
424,49,1,1,0
424,59,0.8,0.6,0.2
424,69,1,1,0
424,70,1,1,0
424,78,1,0.8,0.2
424,79,1,1,0
424,80,1,1,0
424,83,1,1,0
424,87,1,1,0
424,91,0.8,0.4,0.4
424,92,0.8,0.6,0.2
424,97,1,1,0
428,431,1,1,0
428,435,1,1,0
428,436,1,1,0
428,444,1,1,0
428,46,1,1,0
428,460,0.8,0.4,0.4
428,478,1,1,0
428,49,1,1,0
428,59,0.8,0.6,0.2
428,69,1,1,0
428,70,1,1,0
428,78,1,0.8,0.2
428,79,1,1,0
428,80,1,1,0
428,83,1,1,0
428,87,1,1,0
428,91,0.8,0.4,0.4
428,92,0.8,0.6,0.2
428,97,1,1,0
431,435,1,1,0
431,436,1,1,0
431,444,1,1,0
431,46,1,1,0
431,460,0.8,0.4,0.4
431,478,1,1,0
431,49,1,1,0
431,59,0.8,0.6,0.2
431,69,1,1,0
431,70,1,1,0
431,78,1,0.8,0.2
431,79,1,1,0
431,80,1,1,0
431,83,1,1,0
431,87,1,1,0
431,91,0.8,0.4,0.4
431,92,0.8,0.6,0.2
431,97,1,1,0
435,436,1,1,0
435,444,1,1,0
435,46,1,1,0
435,460,0.8,0.4,0.4
435,478,1,1,0
435,49,1,1,0
435,59,0.8,0.6,0.2
435,69,1,1,0
435,70,1,1,0
435,78,1,0.8,0.2
435,79,1,1,0
435,80,1,1,0
435,83,1,1,0
435,87,1,1,0
435,91,0.8,0.4,0.4
435,92,0.8,0.6,0.2
435,97,1,1,0
436,444,1,1,0
436,46,1,1,0
436,460,0.8,0.4,0.4
436,478,1,1,0
436,49,1,1,0
436,59,0.8,0.6,0.2
436,69,1,1,0
436,70,1,1,0
436,78,1,0.8,0.2
436,79,1,1,0
436,80,1,1,0
436,83,1,1,0
436,87,1,1,0
436,91,0.8,0.4,0.4
436,92,0.8,0.6,0.2
436,97,1,1,0
444,46,1,1,0
444,460,0.8,0.4,0.4
444,478,1,1,0
444,49,1,1,0
444,59,0.8,0.6,0.2
444,69,1,1,0
444,70,1,1,0
444,78,1,0.8,0.2
444,79,1,1,0
444,80,1,1,0
444,83,1,1,0
444,87,1,1,0
444,91,0.8,0.4,0.4
444,92,0.8,0.6,0.2
444,97,1,1,0
46,460,0.8,0.4,0.4
46,478,1,1,0
46,49,1,1,0
46,59,0.8,0.6,0.2
46,69,1,1,0
46,70,1,1,0
46,78,1,0.8,0.2
46,79,1,1,0
46,80,1,1,0
46,83,1,1,0
46,87,1,1,0
46,91,0.8,0.4,0.4
46,92,0.8,0.6,0.2
46,97,1,1,0
460,478,0.8,0.4,0.4
460,49,0.8,0.4,0.4
460,59,0.6,0.4,0.2
460,69,0.8,0.4,0.4
460,70,0.8,0.4,0.4
460,78,0.8,0.6,0.2
460,79,0.8,0.4,0.4
460,80,0.8,0.4,0.4
460,83,0.8,0.4,0.4
460,87,0.8,0.4,0.4
460,91,1,1,0
460,92,0.6,0.4,0.2
460,97,0.8,0.4,0.4
478,49,1,1,0
478,59,0.8,0.6,0.2
478,69,1,1,0
478,70,1,1,0
478,78,1,0.8,0.2
478,79,1,1,0
478,80,1,1,0
478,83,1,1,0
478,87,1,1,0
478,91,0.8,0.4,0.4
478,92,0.8,0.6,0.2
478,97,1,1,0
49,59,0.8,0.6,0.2
49,69,1,1,0
49,70,1,1,0
49,78,1,0.8,0.2
49,79,1,1,0
49,80,1,1,0
49,83,1,1,0
49,87,1,1,0
49,91,0.8,0.4,0.4
49,92,0.8,0.6,0.2
49,97,1,1,0
59,69,0.8,0.6,0.2
59,70,0.8,0.6,0.2
59,78,0.8,0.4,0.4
59,79,0.8,0.6,0.2
59,80,0.8,0.6,0.2
59,83,0.8,0.6,0.2
59,87,0.8,0.6,0.2
59,91,0.6,0.4,0.2
59,92,1,1,0
59,97,0.8,0.6,0.2
69,70,1,1,0
69,78,1,0.8,0.2
69,79,1,1,0
69,80,1,1,0
69,83,1,1,0
69,87,1,1,0
69,91,0.8,0.4,0.4
69,92,0.8,0.6,0.2
69,97,1,1,0
70,78,1,0.8,0.2
70,79,1,1,0
70,80,1,1,0
70,83,1,1,0
70,87,1,1,0
70,91,0.8,0.4,0.4
70,92,0.8,0.6,0.2
70,97,1,1,0
78,79,1,0.8,0.2
78,80,1,0.8,0.2
78,83,1,0.8,0.2
78,87,1,0.8,0.2
78,91,0.8,0.6,0.2
78,92,0.8,0.4,0.4
78,97,1,0.8,0.2
79,80,1,1,0
79,83,1,1,0
79,87,1,1,0
79,91,0.8,0.4,0.4
79,92,0.8,0.6,0.2
79,97,1,1,0
80,83,1,1,0
80,87,1,1,0
80,91,0.8,0.4,0.4
80,92,0.8,0.6,0.2
80,97,1,1,0
83,87,1,1,0
83,91,0.8,0.4,0.4
83,92,0.8,0.6,0.2
83,97,1,1,0
87,91,0.8,0.4,0.4
87,92,0.8,0.6,0.2
87,97,1,1,0
91,92,0.6,0.4,0.2
91,97,0.8,0.4,0.4
92,97,0.8,0.6,0.2
